{
  "project_info": {
    "project_number": "837920928741",
    "project_id": "appmilestone2",
    "storage_bucket": "appmilestone2.firebasestorage.app"
  },
  "client": [
    {
      "client_info": {
        "mobilesdk_app_id": "1:837920928741:android:ea90309077d84fe93ab50c",
        "android_client_info": {
          "package_name": "com.example.ibrahim.appp"
        }
      },
      "oauth_client": [],
      "api_key": [
        {
          "current_key": "AIzaSyDJp71CjtN6m_XKcQZ-KuefiCFq94_88H4"
        }
      ],
      "services": {
        "appinvite_service": {
          "other_platform_oauth_client": []
        }
      }
    }
  ],
  "configuration_version": "1"
}